id,nome,email
1,John Doe,johndoe@example.com
2,Jane Smith,janesmith@example.com
3,Michael Johnson,michaeljohnson@example.com
4,Sarah Williams,sarahwilliams@example.com
5,Robert Brown,robertbrown@example.com
6,Emily Davis,emilydavis@example.com
7,David Jones,davidjones@example.com
8,Jessica Wilson,jessicawilson@example.com
9,Christopher Anderson,christopheranderson@example.com
10,Lisa Martinez,lisamartinez@example.com
11,Matthew Taylor,matthewtaylor@example.com
12,Amanda Thomas,amandathomas@example.com
13,Andrew Jackson,andrewjackson@example.com
14,Elizabeth White,elizabethwhite@example.com
15,Joshua Harris,joshuaharris@example.com
16,Mary Thompson,marythompson@example.com
17,James Lee,jameslee@example.com
18,Jennifer Turner,jenniferturner@example.com
19,William Walker,williamwalker@example.com
20,Ashley Clark,ashleyclark@example.com
21,Charles Green,charlesgreen@example.com
22,Megan Hill,meganhill@example.com
23,Joseph Baker,josephbaker@example.com
24,Samantha Mitchell,samanthamitchell@example.com
25,Daniel Nelson,danielnelson@example.com
26,Kimberly Roberts,kimberlyroberts@example.com
27,Thomas Campbell,thomascampbell@example.com
28,Lauren Hall,laurenhall@example.com
29,Ryan Young,ryanyoung@example.com
30,Rebecca King,rebeccaking@example.com
31,John Doe,johndoe@example.com
32,Jane Smith,janesmith@example.com
33,Michael Johnson,michaeljohnson@example.com
34,Sarah Williams,sarahwilliams@example.com
35,Robert Brown,robertbrown@example.com
36,Emily Davis,emilydavis@example.com
37,David Jones,davidjones@example.com
38,Jessica Wilson,jessicawilson@example.com
39,Christopher Anderson,christopheranderson@example.com
40,Lisa Martinez,lisamartinez@example.com
41,Matthew Taylor,matthewtaylor@example.com
42,Amanda Thomas,amandathomas@example.com
43,Andrew Jackson,andrewjackson@example.com
44,Elizabeth White,elizabethwhite@example.com
45,Joshua Harris,joshuaharris@example.com
46,Mary Thompson,marythompson@example.com
47,James Lee,jameslee@example.com
48,Jennifer Turner,jenniferturner@example.com
49,William Walker,williamwalker@example.com
50,Ashley Clark,ashleyclark@example.com
51,Charles Green,charlesgreen@example.com
52,Megan Hill,meganhill@example.com
53,Joseph Baker,josephbaker@example.com
54,Samantha Mitchell,samanthamitchell@example.com
55,Daniel Nelson,danielnelson@example.com
56,Kimberly Roberts,kimberlyroberts@example.com
57,Thomas Campbell,thomascampbell@example.com
58,Lauren Hall,laurenhall@example.com
59,Ryan Young,ryanyoung@example.com
60,Rebecca King,rebeccaking@example.com
61,John Doe,johndoe@example.com
62,Jane Smith,janesmith@example.com
63,Michael Johnson,michaeljohnson@example.com
64,Sarah Williams,sarahwilliams@example.com
65,Robert Brown,robertbrown@example.com
66,Emily Davis,emilydavis@example.com
67,David Jones,davidjones@example.com
68,Jessica Wilson,jessicawilson@example.com
69,Christopher Anderson,christopheranderson@example.com
70,Lisa Martinez,lisamartinez@example.com
71,Matthew Taylor,matthewtaylor@example.com
72,Amanda Thomas,amandathomas@example.com
73,Andrew Jackson,andrewjackson@example.com
74,Elizabeth White,elizabethwhite@example.com
75,Joshua Harris,joshuaharris@example.com
76,Mary Thompson,marythompson@example.com
77,James Lee,jameslee@example.com
78,Jennifer Turner,jenniferturner@example.com
79,William Walker,williamwalker@example.com
80,Ashley Clark,ashleyclark@example.com
81,Charles Green,charlesgreen@example.com
82,Megan Hill,meganhill@example.com
83,Joseph Baker,josephbaker@example.com
84,Samantha Mitchell,samanthamitchell@example.com
85,Daniel Nelson,danielnelson@example.com
86,Kimberly Roberts,kimberlyroberts@example.com
87,Thomas Campbell,thomascampbell@example.com
88,Lauren Hall,laurenhall@example.com
89,Ryan Young,ryanyoung@example.com
90,Rebecca King,rebeccaking@example.com
91,John Doe,johndoe@example.com
92,Jane Smith,janesmith@example.com
93,Michael Johnson,michaeljohnson@example.com
94,Sarah Williams,sarahwilliams@example.com
95,Robert Brown,robertbrown@example.com
96,Emily Davis,emilydavis@example.com
97,David Jones,davidjones@example.com
98,Jessica Wilson,jessicawilson@example.com
99,Christopher Anderson,christopheranderson@example.com
100,Lisa Martinez,lisamartinez@example.com
